id,name,description,website_url,source_url,additional_sources,is_core_early_stage_case,source_type,source_quality,founded_year,failed_year,country,region,category,customer_type,business_model,pricing_model,gtm_channel,stage_at_failure,funding_raised_usd,team_size,stated_failure_cause,primary_failure_cause,secondary_failure_causes,symptoms,evidence_summary,confidence_score,notes
fs_0001,Sonar,"A mobile ambient social networking app that helped users discover friends and relevant people nearby.",unknown,https://medium.com/@brett1211/postmortem-of-a-venture-backed-startup-72c6f8bec7df,https://techcrunch.com/2013/09/22/why-startups-fail-a-postmortem-for-social-newsreader-flud-and-what-to-take-from-sonars-demise/,yes,founder_postmortem,primary,2011,2013,United States,North America,social,B2C,advertising,free,viral,seed,2000000,unknown,"Founder Brett Martin wrote that Sonar failed after struggling to find product-market fit, mistaking feature requests for real signal, and failing to grow enough as a social network.",weak_retention,"distribution_failure; competition_pressure; product_market_fit_failure","false positive user feedback; engagement-growth tradeoff; competitor distraction; insufficient social graph growth","The founder postmortem says Sonar had millions of downloads and strong press but failed to turn engagement and product iterations into the growth required for a durable social network.",high,"Strong primary source. Good first case for consumer social and false-signal analysis."
fs_0002,Binpress,"A marketplace for developers to sell code libraries, SDKs, and other digital software products.",https://www.binpress.com,https://erangalperin.com/2016/02/11/binpress-postmortem/,,yes,founder_postmortem,primary,2010,2015,United States,North America,marketplace,developer,marketplace_take_rate,commission,SEO,seed,1000000,unknown,"Founder Eran Galperin wrote that the marketplace format was not a good fit for the products, developers were hard to sell to, and the concept did not scale as expected.",market_too_small,"marketplace_liquidity_failure; bad_pricing; distribution_failure","chicken-and-egg marketplace problem; one-and-done buyers; hard developer monetization; limited scale","The postmortem explains that Binpress reached meaningful revenue but developer products did not behave like a high-volume marketplace and the business hit a scale ceiling.",high,"High-quality founder postmortem with detailed marketplace mechanics."
fs_0003,onetool,"A YC-backed SaaS management startup that tried to bundle and manage business software subscriptions.",unknown,https://medium.com/@gordi/why-were-selling-our-yc-startup-onetool-as-nft-art-897e91c67a17,,yes,founder_postmortem,primary,2019,2021,Germany,Europe,SaaS,B2B,subscription,paid_subscription,partnerships,seed,unknown,unknown,"Founder Gordian Braun wrote that the original SaaS bundle model broke because vendor pricing levels varied too much and customer needs shifted toward managing existing tools.",business_model_mismatch,"bad_pricing; operational_complexity; too_broad_icp","pricing spread across SaaS vendors; model pivot; integrations required; existing-customer stack complexity","The founder postmortem says onetool's initial Setapp-for-SaaS model did not work because SaaS vendors had incompatible pricing levels and customers needed a different product than originally planned.",high,"Strong case for business model mismatch in B2B SaaS."
fs_0004,PageRank Panda,"An SEO-focused product that helped users evaluate page rank and related website metrics.",unknown,https://www.indiehackers.com/product/pagerank-panda/shut-down--M3ni5yZxiUhdLgKLDCc,,yes,founder_postmortem,primary,unknown,2020,United States,North America,SaaS,B2B,subscription,unknown,paid_ads,bootstrapped,0,unknown,"Founder Ryan Anderson said the project was too time-consuming, not gaining much traction, highly competitive, and advertising expenses were not driving expected growth.",distribution_failure,"competition_pressure; high_cac_bad_unit_economics; product_market_fit_failure","low traction; high competition; paid ads not working; time burden","The Indie Hackers shutdown post directly states that the product lacked traction and that advertising expenses did not produce the expected growth in a competitive space.",high,"Small indie case; useful because it represents the kind of micro-failure famous databases usually miss."
fs_0005,SimpleDirect,"A financing product for contractors built by a small founder-led company.",https://getsimpledirect.com,https://www.founderreality.com/why-im-shutting-down-my-5-year-startup-hard-learned-lessons-for-founders/,https://blog.getsimpledirect.com,yes,founder_postmortem,primary,2020,2025,Canada,North America,fintech,B2B,services,custom,founder_led_sales,bootstrapped,unknown,unknown,"Founder George Pu wrote that SimpleDirect conflicted with his principles, became too complex, had thin margins, depended on external APIs, and was underpriced for the level of service required.",business_model_mismatch,"bad_pricing; operational_complexity; platform_risk","thin margins; external API dependency; increasing complexity; underpricing; high-touch support","The founder postmortem frames the shutdown as a strategic sunset after recognizing that the product's complexity, margins, pricing, and operating model did not fit the founder's desired business principles.",high,"Recent case; keep but verify with original product shutdown post later."
fs_0006,Fundid,"A fintech startup helping small businesses access financing and business capital products.",https://www.getfundid.com,https://techcrunch.com/2024/04/23/fintech-fundid-shut-down-interest-rates/,https://pailor.notion.site,yes,news_article,secondary,2021,2024,United States,North America,fintech,B2B,services,custom,partnerships,seed,3250000,unknown,"Founder Stefanie Sample said rising interest rates, fintech market shifts, cap table pressure, and venture-path issues contributed to the shutdown.",fundraising_dependency,"regulatory_or_legal_pressure; business_model_mismatch; timing_problem","rising rates; strained cap table; fintech investor pullback; product direction pressure","TechCrunch reports that Fundid closed on April 1, 2024 after market conditions changed and the founder lost faith in the venture path around lending and card products.",medium,"Good fintech seed case; primary postmortem exists but should be archived or directly captured later."
fs_0007,Kite,"An AI-powered coding assistant and autocomplete tool for software developers.",https://www.kite.com,https://techcrunch.com/2022/12/10/with-kites-demise-can-generative-ai-for-code-succeed/,https://bogdan.org.ua/2022/12/28/kite-ai-coding-assistant-is-saying-farewell.html,yes,news_article,secondary,2014,2022,United States,North America,devtool,developer,subscription,freemium,product_led,series_a,17000000,unknown,"Founder Adam Smith said Kite was too early for AI-assisted programming, the technology was not ready, the product did not monetize, and the team took too long to realize it.",timing_problem,"bad_pricing; technical_complexity; product_market_fit_failure","technology not ready; failure to monetize; expensive development; weak paid conversion","TechCrunch quotes Kite's founder saying the company was more than 10 years too early to market and failed to monetize its AI coding assistant despite developer adoption.",medium,"Strong devtool case. Funding may be above strict seed but still useful as core early-stage/venture-backed devtool failure."
fs_0008,Flowtab,"A mobile ordering and payments app for bars that let customers order drinks from their phones.",https://flowtab.com,https://techcrunch.com/2013/08/31/the-decline-and-fall-of-flowtab-a-startup-story/,,yes,news_article,secondary,2011,2013,United States,North America,consumer_app,B2B2C,transaction_fee,commission,founder_led_sales,seed,unknown,unknown,"The company published a detailed death chronicle showing failed pivots, difficult bar acquisition, undercapitalization, and weak geographic density.",distribution_failure,"operational_complexity; marketplace_liquidity_failure; business_model_mismatch","hard venue acquisition; geographic density problem; premature app launch; undercapitalization","TechCrunch's detailed account describes Flowtab's struggle to get enough bars and users in the same locations, plus the operational burden of selling into hospitality venues.",medium,"Not a founder postmortem but based on founder materials and interviews; good local marketplace/payments case."
fs_0009,RewardMe,"A digital loyalty and gamification platform for offline retail and restaurant businesses.",unknown,https://yukaichou.com/entrepreneurship/account-failed-startup-rewardme-ceo/,,yes,founder_postmortem,primary,2010,2012,United States,North America,SaaS,B2B,enterprise_contract,enterprise,sales_led,seed,1000000,unknown,"Founder Yu-kai Chou wrote that RewardMe had customer interest and a large chain deal but lacked runway, could not raise fast enough, and key team members burned out before deployment and revenue could arrive.",fundraising_dependency,"sales_cycle_too_long; operational_complexity; founder_conflict","long enterprise sales cycle; delayed revenue collection; team burnout; insufficient runway","The founder postmortem explains that RewardMe closed a large chain deal too late relative to runway, failed to secure the next round quickly, and lost execution capacity after team burnout.",high,"Schema gap: taxonomy has no sales_cycle_too_long enum yet, but this cause is important. Needs taxonomy v1.2 update."
fs_0010,Hakeema,"A bootstrapped SaaS platform for social and public sector organizations.",unknown,https://www.indiehackers.com/product/hakeema/closed-our-profitable-saas-after-3-years--Mug6SRRh3T48-w8dGuW,,yes,founder_postmortem,primary,2019,2022,United States,North America,SaaS,B2B,subscription,custom,founder_led_sales,bootstrapped,0,unknown,"Founder Kyle Cureau said nonprofit customers needed custom platforms, turning the company into a profitable software agency rather than a scalable SaaS company.",business_model_mismatch,"operational_complexity; too_broad_icp","custom implementations; services-like work; profitable but not scalable; nonprofit customer requirements","The founder post says Hakeema had revenue and retention, but customer needs pushed the team toward custom agency work instead of a scalable software company.",high,"Moved from test cases into core MVP because evidence quality and early-stage fit are strong."
fs_0011,Tutorspree,"An online marketplace for matching students and parents with local tutors.",unknown,https://www.sunsethq.com/blog/why-did-tutorspree-fail,https://www.failory.com/cemetery/tutorspree; https://startups.rip/company/tutorspree,yes,news_article,secondary,2010,2013,United States,North America,marketplace,B2C,marketplace_take_rate,commission,SEO,seed,1800000,unknown,"Available analyses based on founder commentary identify heavy SEO dependence, Google's Panda update, trust issues, and marketplace disintermediation as major causes.",platform_risk,"distribution_failure; marketplace_liquidity_failure; bad_pricing","Google algorithm exposure; one-channel acquisition; trust gap; off-platform leakage; funding pressure","Tutorspree's acquisition engine depended heavily on SEO, and a Google algorithm change reportedly cut traffic sharply while the tutoring marketplace also struggled with trust and repeat transaction leakage.",medium,"Good marketplace case, but use medium confidence because the founder postmortem URL is not the main stored source yet."
fs_0012,NewsTilt,"A YC-backed platform intended to help journalists build direct online businesses around their work.",unknown,https://blog.paulbiggar.com/why-we-shut-newstilt-down/,https://www.sunsethq.com/blog/why-did-newstilt-fail,yes,founder_postmortem,primary,2009,2010,Ireland,Europe,media,B2B,advertising,free,content,seed,20000,2,"Co-founder Paul Biggar wrote that NewsTilt failed because of internal company problems and product problems, including overpromising, underdelivering, and launching without core value proposition pieces.",founder_conflict,"product_market_fit_failure; technical_complexity; no_urgent_pain","founder communication breakdown; incomplete MVP; overpromised features; weak user value; short runway","The founder postmortem describes a product launched without key journalist-branding features and a company unable to recover because of internal communication and execution problems.",high,"Strong primary postmortem; useful for founder/team failure category."
fs_0013,Zen99,"A YC-backed tax and insurance tool suite for independent contractors and gig workers.",unknown,https://tristanzier.medium.com/why-zen99-shut-down-a368371eb9dd,https://fortune.com/2015/08/12/zen99-contract-workers/,yes,founder_postmortem,primary,2014,2015,United States,North America,fintech,B2C,subscription,freemium,partnerships,seed,2620000,unknown,"Founder Tristan Zier explained that contractors were not a homogeneous market, many did not self-identify as contractors, and needs differed sharply across segments.",too_broad_icp,"no_urgent_pain; distribution_failure; product_market_fit_failure","fragmented contractor personas; hard targeting; weak universal use case; controlled shutdown","The founder postmortem frames Zen99's failure around the mistaken assumption that independent contractors formed one coherent customer segment with similar needs and reachable channels.",high,"Strong primary source; good ICP segmentation failure case."
fs_0014,Plancast,"A social event-sharing service for broadcasting and discovering personal plans.",unknown,https://techcrunch.com/2012/01/22/post-mortem-for-plancast/,,yes,founder_postmortem,primary,2009,2012,United States,North America,social,B2C,advertising,free,viral,seed,1700000,unknown,"Founder Mark Hendrickson wrote that Plancast stalled after early traction because events were a difficult content type, mainstream users did not adopt the behavior, and engagement did not scale.",weak_retention,"no_urgent_pain; product_market_fit_failure; distribution_failure","early adopter ceiling; low mainstream behavior change; weak engagement; unclear monetization","The founder postmortem says Plancast could not grow beyond an early adopter community and could not make social event sharing compelling enough for broad repeated usage.",high,"Excellent behavior-change consumer social case."
fs_0015,Flud,"A social newsreader app for iOS, Android, and Windows Phone.",unknown,https://techcrunch.com/2013/09/22/why-startups-fail-a-postmortem-for-flud-and-what-to-take-from-sonars-demise/,,yes,founder_interview,secondary,2010,2013,United States,North America,consumer_app,B2C,advertising,free,app_store,seed,2100000,unknown,"Founder Bobby Ghoshal told TechCrunch that Flud never found durable product-market fit or monetization, pivoted toward enterprise too late, and ran out of time before investors saw enough validation.",product_market_fit_failure,"fundraising_dependency; competition_pressure; sales_cycle_too_long","consumer newsreader saturation; enterprise pivot too late; insufficient validation; ran out of runway","The TechCrunch postmortem reports that Flud had press and downloads but failed to turn consumer interest or an enterprise pivot into a validated business before capital ran out.",medium,"Good founder-interview case; secondary because not written directly by founder."
fs_0016,DrawQuest,"A mobile drawing game and creative community from Canvas Networks.",unknown,https://techcrunch.com/2014/01/21/when-goods-not-good-enough/,https://smallbiztrends.com/drawquest-shuts-down/,yes,founder_interview,secondary,2013,2014,United States,North America,consumer_app,B2C,freemium,freemium,app_store,seed,3625000,unknown,"Founder Chris Poole said DrawQuest had traction but did not become a venture-backed opportunity because the team could not make the mobile monetization model work.",bad_pricing,"fundraising_dependency; business_model_mismatch; product_market_fit_failure","downloads without enough revenue; weak in-app purchase monetization; runway pressure; pivot after Canvas","TechCrunch reports that DrawQuest had users and engagement but could not monetize well enough through in-app purchases to justify more venture funding.",medium,"Useful monetization case; not pure shutdown postmortem but based on founder interview and official closure context."
fs_0017,Newsberry,"An email marketing product built by Wildbit before Postmark and Beanstalk became the team's focus.",unknown,https://www.wildbit.com/blog/why-we-shut-down-a-product-that-was-75000year-profitable.html,,yes,founder_postmortem,primary,2005,2012,United States,North America,SaaS,B2B,subscription,paid_subscription,content,bootstrapped,unknown,unknown,"Wildbit wrote that Newsberry was profitable but stagnant, under-loved by the team, weakly marketed, and unable to justify continued full-time investment against better products.",distribution_failure,"competition_pressure; business_model_mismatch; market_too_small","stagnant growth; weak marketing; stronger competing products; internal focus shifted; profitable but low ceiling","The company postmortem says Newsberry made money but did not grow enough or fit the team's strengths and priorities, especially as Beanstalk and Postmark showed stronger momentum.",high,"Strong primary source; include as profitable-but-not-scalable failure."
fs_0018,Spreadable,"A referral and word-of-mouth marketing product built by Grasshopper Group.",unknown,https://grasshopper.com/resources/case-studies/spreadable/,,yes,founder_postmortem,primary,2011,2012,United States,North America,SaaS,B2B,subscription,paid_subscription,sales_led,bootstrapped,unknown,unknown,"Grasshopper said Spreadable was making money and acquiring customers but required a sales/support motion that did not align with the company's scalable product strengths.",business_model_mismatch,"distribution_failure; operational_complexity; no_urgent_pain","sales motion misfit; support burden; misaligned with core strengths; profitable but discontinued","The case study says Spreadable was shut down despite revenue because its effective sales model and operating requirements did not fit Grasshopper's company model or strategic focus.",high,"Strong primary case for business-model/team-strength mismatch."
fs_0019,DataDistillr,"An enterprise data analytics platform for querying and exploring data across multiple sources without ETL.",unknown,https://thedataist.com/all-great-things/,https://thedataist.com/all-great-things-part-2-the-founders-dilemma/,yes,founder_postmortem,primary,2018,2023,United States,North America,devtool,B2B,subscription,enterprise,sales_led,seed,5000000,unknown,"Founder Charles Givre wrote that DataDistillr failed to reach product-market fit because of market changes, unclear monetization, building the wrong product, too many features, and weak selling.",product_market_fit_failure,"bad_pricing; too_broad_icp; distribution_failure","unclear monetization; too many features; weak sales; insufficient customer learning; market change","The founder postmortem directly states the company failed to achieve product-market fit and identifies monetization, focus, sales, and build-measure-learn failures as contributors.",high,"Strong modern devtool/data case."
fs_0020,Tess.Design,"An AI image marketplace that paid artists royalties for image generation in their style.",https://tess.design,https://www.kapwing.com/blog/learnings-from-paying-artists-royalties-for-ai-generated-art/,https://www.linkedin.com/posts/juliaenthoven_we-built-a-marketplace-that-paid-artists-activity-7437259265758838784-asWg,yes,founder_postmortem,primary,2024,2026,United States,North America,AI,B2B2C,marketplace_take_rate,commission,partnerships,bootstrapped,unknown,unknown,"Kapwing CEO Julia Enthoven wrote that Tess generated little revenue, could not overcome unresolved AI copyright risk, lacked artist-driven promotion, and could not justify continued focus.",regulatory_or_legal_pressure,"marketplace_liquidity_failure; timing_problem; distribution_failure","legal uncertainty; weak artist supply response; low revenue; enterprise buyer blocked by legal team; split focus","The official retrospective says Tess shut down after legal ambiguity around AI copyright blocked enterprise interest and the marketplace failed to generate enough demand or artist-led distribution.",high,"Excellent current AI/legal marketplace case."
fs_0021,Everpix,"A cloud photo storage and discovery startup that automatically organized users' photos.",unknown,https://venturebeat.com/2013/11/05/goodbye-everpix-photo-storage-startup-shuts-down/,https://www.theverge.com/2013/11/5/5039216/everpix-life-and-death-inside-the-worlds-best-photo-startup,yes,news_article,secondary,2011,2013,United States,North America,consumer_app,B2C,subscription,paid_subscription,app_store,seed,1800000,unknown,"Everpix shut down after failing to secure funding or acquisition while user and subscriber growth could not cover infrastructure and payroll costs.",distribution_failure,"fundraising_dependency; competition_pressure; bad_pricing","loved product but slow growth; insufficient paid subscribers; high storage costs; failed acquisition talks","Reporting on the shutdown says Everpix had strong product reviews and retention but not enough paying subscribers or investment to cover bills and scale the business.",medium,"High-signal product-loved-business-failed case; secondary source but very detailed."
fs_0022,Wesabe,"A personal finance management website that helped users track spending and get money advice.",unknown,https://techcrunch.com/2010/10/01/wesabe-mint/,https://avc.com/2010/10/the-postmortem/,yes,founder_postmortem,primary,2005,2010,United States,North America,fintech,B2C,freemium,freemium,SEO,series_a,4700000,unknown,"Founder Marc Hedlund wrote that Wesabe lost to Mint because Mint gave users a much easier and faster experience, while Wesabe required too much manual work and had worse aggregation.",competition_pressure,"technical_complexity; product_market_fit_failure; weak_retention","inferior user experience; manual user effort; better-funded competitor; slower time to value","Marc Hedlund's postmortem, summarized by TechCrunch and AVC, says Wesabe was beaten by Mint because Mint solved the same job with less user effort and faster perceived value.",high,"Primary source is founder postmortem but current stored main URL is TechCrunch summary; source should be upgraded if original archive is located."
fs_0023,Patient Communicator,"A digital health patient engagement and CRM product for medical practices.",unknown,https://hitconsultant.net/2014/10/06/why-my-digital-health-startup-failed/,,yes,founder_postmortem,primary,2012,2014,United States,North America,healthtech,B2B,subscription,paid_subscription,sales_led,seed,unknown,unknown,"Founder Jeff Novich wrote that Patient Communicator relied on doctors seeing financial value in patient engagement, but the market did not adopt quickly enough and fundraising was difficult.",no_urgent_pain,"sales_cycle_too_long; fundraising_dependency; distribution_failure","doctor adoption friction; weak perceived urgency; healthcare sales difficulty; failed fundraising","The founder postmortem explains that the product depended on physicians valuing patient engagement as a revenue and outcome lever, but buyer behavior and funding did not support scaling.",high,"Strong digital health case with primary source."
fs_0024,Standout Jobs,"A recruitment and employer branding SaaS product for company career sites.",unknown,https://medium.com/10-thousand-ways-to-fail/a-postmortem-analysis-of-standout-jobs-c2185cb25e38,https://www.focusedchaos.co/p/revisiting-the-standout-jobs-postmortem-1be,yes,founder_postmortem,primary,2007,2010,Canada,North America,SaaS,B2B,subscription,paid_subscription,sales_led,seed,1800000,unknown,"Founder Ben Yoskovitz wrote that Standout Jobs raised too much too early, launched into a collapsing hiring market, asked for too much behavior change, and did not react fast enough.",timing_problem,"no_urgent_pain; fundraising_dependency; product_market_fit_failure","recession timing; hiring freeze; behavior change; premature funding; slow strategic reaction","The postmortem says the paid product launched just before the 2008 hiring collapse, while the team lacked enough validation and asked customers to change recruiting behavior without enough urgency.",high,"Strong primary founder postmortem; useful timing plus premature funding case."
fs_0025,Monitor110,"A Wall Street internet monitoring and alternative data product for financial professionals.",unknown,https://www.failory.com/cemetery/monitor110,https://informationarbitrage.com/post/698402433/monitor110-a-post-mortem,yes,founder_postmortem,primary,2005,2008,United States,North America,SaaS,B2B,enterprise_contract,enterprise,sales_led,series_a,17000000,unknown,"Founder/investor postmortems cite unclear leadership, building too long before release, technical noise in the product, and delayed pivoting after too much capital and publicity.",technical_complexity,"founder_conflict; fundraising_dependency; timing_problem","delayed launch; data quality issues; unclear leadership; too much funding before validation; late pivot","The postmortem pattern says Monitor110 overbuilt before customer feedback, struggled with noisy data and leadership alignment, and ran out of time after delaying market validation.",medium,"Useful but slightly larger funding than ideal; keep as core because it is pre-Series B style and evidence is strong."
fs_0026,MyFavorites,"A consumer app for saving and sharing favorite things.",unknown,https://medium.com/10-thousand-ways-to-fail/the-little-startup-that-couldn-t-a-postmortem-of-myfavorites-a5250f186535,,yes,founder_postmortem,primary,2014,2016,United States,North America,consumer_app,B2C,freemium,free,viral,bootstrapped,unknown,unknown,"Founder Steve Poland wrote that MyFavorites tried to solve a problem people did not strongly feel they had, and the team lost conviction after launch and feedback cycles.",no_urgent_pain,"product_market_fit_failure; weak_retention; founder_conflict","weak problem intensity; unclear user behavior; loss of team interest; consumer app ambiguity","The founder postmortem says the problem was not one users strongly recognized, making the product difficult to position, motivate, and sustain.",high,"Good small consumer case for weak pain."
fs_0027,Workapp,"A small platform product that drifted toward consultancy-style work.",unknown,https://www.indiehackers.com/product/workapp/closing-down-shop--LkI_Gq3wM39LrX96lfs,,yes,founder_postmortem,primary,unknown,2019,unknown,unknown,SaaS,B2B,services,custom,founder_led_sales,bootstrapped,unknown,unknown,"The founder wrote that the team realized they did not want to build a consultancy-type business and that the original platform product was undifferentiated.",business_model_mismatch,"competition_pressure; product_market_fit_failure; no_urgent_pain","consultancy drift; undifferentiated platform; crowded internet market; founder loss of conviction","The Indie Hackers shutdown post directly says the product was becoming consultancy-like while the platform itself was not sufficiently differentiated.",high,"Small but valuable bootstrapped case; founder source."
fs_0028,Video Scheduler,"A small scheduling product for video workflows.",unknown,https://www.indiehackers.com/product/video-scheduler/shut-down--NHpSxABtZ9GI740qpjF,,yes,founder_postmortem,primary,unknown,2022,unknown,unknown,productivity,B2B,subscription,unknown,unknown,bootstrapped,0,unknown,"The founder shut down Video Scheduler because it did not appear to be on a path to becoming a viable product.",product_market_fit_failure,"no_urgent_pain; distribution_failure","no clear viability path; small product; uncertain demand","The founder's shutdown note states the product did not seem to be on a path toward viability, which supports a conservative product-market fit classification.",medium,"Direct source but short evidence; keep medium confidence."
fs_0029,PageLines Platform 5,"A WordPress website-building product that struggled after market and ecosystem shifts.",unknown,https://www.pagelines.com/pagelines-platform-5-is-dead/,,yes,official_shutdown_announcement,primary,2015,2019,United States,North America,SaaS,B2B,subscription,paid_subscription,community,bootstrapped,unknown,unknown,"The company announced Platform 5 was dead after changing WordPress market dynamics and the product's own direction made continued development unsustainable.",platform_risk,"competition_pressure; timing_problem; product_market_fit_failure","WordPress ecosystem change; product direction issues; market shift; discontinued development","The official shutdown announcement frames the product's death around ecosystem and market shifts in WordPress plus an inability to keep the product direction viable.",medium,"Good platform/ecosystem case; verify exact dates later."
fs_0030,Zeda.io,"A product management platform for feedback, roadmaps, and AI-assisted product workflows.",https://zeda.io,https://podcasts.apple.com/ca/podcast/why-we-shut-down-a-%243-7m-startup-prashant-mahajan/id1799895082?i=1000699137696,,yes,podcast_transcript,primary,2020,2025,India,Asia,SaaS,B2B,subscription,enterprise,sales_led,seed,3700000,unknown,"Founder Prashant Mahajan discussed shutting down Zeda after struggling with product-management-tool adoption, enterprise SaaS sales, fundraising, and finding durable product-market fit.",product_market_fit_failure,"sales_cycle_too_long; no_urgent_pain; fundraising_dependency","hard product management adoption; enterprise sales friction; insufficient PMF; cautious shutdown","The founder interview describes why money did not solve adoption and PMF issues in a crowded product-management software category, leading to shutdown despite remaining capital discipline.",medium,"Good recent founder-interview case, but podcast source should be supplemented with transcript or written source later."
fs_0031,RethinkDB,"An open-source distributed document database company built around real-time application development.",https://rethinkdb.com,https://rethinkdb.com/blog/rethinkdb-shutdown/,https://gist.github.com/ramalho/93b87e961b6e019be8e1f6f82864b6f9; https://www.techrepublic.com/article/rethinkdb-is-dead-and-mongodb-isnt-what-killed-it/,yes,founder_postmortem,primary,2009,2016,United States,North America,devtool,developer,open_source_commercial,freemium,community,series_a,12200000,unknown,"Founder Slava Akhmechet wrote that RethinkDB failed to build a sustainable business because it optimized for qualities developers admired but not the market priorities that drove adoption and monetization.",business_model_mismatch,"bad_pricing; competition_pressure; product_market_fit_failure","developer love without sustainable monetization; open-source commercialization difficulty; wrong product priorities; strong competitor category dynamics","The shutdown announcement and later founder postmortem show a technically respected product that could not turn open-source developer adoption into a durable commercial company.",high,"Strong devtool/open-source commercialization case."
fs_0032,Homejoy,"An on-demand home cleaning marketplace connecting customers with cleaners.",unknown,https://techcrunch.com/2015/07/17/homejoy-is-shutting-down-at-the-end-of-the-month/,https://www.forbes.com/sites/jerryjao/2015/08/11/deja-vu-how-homejoy-like-fab-com-neglected-customer-retention-and-paid-the-price/; https://techcrunch.com/2015/07/31/why-homejoy-failed-and-the-future-of-the-on-demand-economy/,yes,news_article,secondary,2010,2015,United States,North America,marketplace,B2C,marketplace_take_rate,commission,paid_ads,series_a,40000000,unknown,"Reporting on Homejoy emphasizes weak retention, high customer acquisition costs, discount-driven growth, worker classification lawsuits, and the difficulty of making high-touch home services work as an on-demand marketplace.",high_cac_bad_unit_economics,"weak_retention; regulatory_or_legal_pressure; operational_complexity","discount-led acquisition; poor repeat usage; contractor classification lawsuits; high-touch service quality problem","Homejoy shut down after failing to raise more capital, with later analysis pointing to expensive acquisition, weak retention, and legal risk around contractor labor as core business problems.",medium,"Useful on-demand marketplace case, but funding is higher than ideal; keep because failure mechanics are high-value."
fs_0033,Shyp,"An on-demand shipping service that picked up, packed, and shipped items for consumers and small businesses.",unknown,https://www.forbes.com/sites/maryjuetten/2019/01/24/failed-startups-shyp/,https://www.techspot.com/news/73905-demand-shipping-start-up-shyp-closes-doors-lays.html,yes,founder_postmortem,secondary,2013,2018,United States,North America,marketplace,B2B2C,services,custom,app_store,series_a,62000000,unknown,"Founder Kevin Gibbon later acknowledged that Shyp pursued growth at all costs, targeted low-frequency consumers, and built an expensive operations-heavy model before finding a sustainable business.",operational_complexity,"high_cac_bad_unit_economics; no_urgent_pain; business_model_mismatch","low-frequency consumer usage; warehouses and couriers; flat-fee pricing pressure; growth-before-sustainability; late B2B pivot","Secondary reporting based on Gibbon's postmortem describes an on-demand service whose delightful user experience masked expensive logistics and poor repeat economics.",medium,"Funding is high, but the founder-postmortem signal is strong for on-demand operations failure."
fs_0034,Sprig,"An on-demand food startup that cooked and delivered its own prepared meals.",unknown,https://techcrunch.com/2017/05/26/on-demand-food-startup-sprig-is-shutting-down-today/,https://www.axios.com/2017/12/15/silicon-valley-food-delivery-startup-sprig-shuts-down-1513302600,yes,official_shutdown_announcement,secondary,2013,2017,United States,North America,consumer_app,B2C,transaction_fee,custom,app_store,series_a,57000000,unknown,"Sprig's shutdown message said demand was high, but owning meal production through delivery at scale created operational complexity that the company could not overcome.",operational_complexity,"high_cac_bad_unit_economics; competition_pressure; fundraising_dependency","thin margins; food production plus delivery; city operations; labor intensity; on-demand market pressure","Coverage of Sprig's closure cites the CEO's message that demand existed but the complexity of owning the full meal-production and delivery stack was too hard to scale profitably.",medium,"Good operational-complexity case; higher funding than ideal but strong source and category fit."
fs_0035,SpoonRocket,"An on-demand prepared-meal delivery service that promised fast delivery of low-cost meals.",unknown,https://techcrunch.com/2016/03/15/spoonrocket-shuts-down/,https://venturebeat.com/ai/no-spoonrocket-is-not-shutting-down,yes,news_article,secondary,2013,2016,United States,North America,consumer_app,B2C,transaction_fee,custom,app_store,series_a,13500000,unknown,"SpoonRocket shut down after failing to raise necessary capital in a category where fast prepared-meal delivery required difficult operational economics.",high_cac_bad_unit_economics,"operational_complexity; fundraising_dependency; competition_pressure","prepared food inventory; fast delivery promise; funding dependency; tough on-demand economics","TechCrunch reported that SpoonRocket closed after it could not raise more capital, using the case as an example of the difficult economics behind app-based convenience services.",medium,"Useful on-demand food case; evidence is secondary but clear."
fs_0036,Take Eat Easy,"A European restaurant delivery marketplace operating bike-courier food delivery across multiple cities.",unknown,https://techcrunch.com/2016/07/26/european-restaurant-delivery-startup-take-eat-easy-ceases-trading-as-it-tries-to-find-a-buyer/,https://www.startup-palace.com/blog/masterclass-10-take-eat-easy-les-raisons-d-un-echec/,yes,founder_interview,secondary,2013,2016,Belgium,Europe,marketplace,B2C,commission,commission,app_store,pre_series_b,16000000,unknown,"Take Eat Easy ceased trading after failing to raise a Series C despite order growth, while competing against much better-funded delivery rivals in a capital-intensive category.",fundraising_dependency,"competition_pressure; high_cac_bad_unit_economics; operational_complexity","failed Series C; 114 investor rejections; better-funded rivals; courier operations; delivery market consolidation","Founder comments reported by TechCrunch and later European startup retrospectives show a business with traction but insufficient capital to survive a subsidy-heavy food delivery war.",medium,"Good non-US marketplace case; classified fundraising primary because the source emphasizes capital cutoff."
fs_0037,Washio,"An on-demand laundry and dry-cleaning pickup and delivery service.",unknown,https://techcrunch.com/2016/08/30/washio-on-demand-laundry-service-shuts-down-operations/,https://en.wikipedia.org/wiki/Washio_(company),yes,official_shutdown_announcement,secondary,2013,2016,United States,North America,marketplace,B2C,services,custom,app_store,series_a,16800000,unknown,"Washio shut down after generating revenue and orders, but the laundry pickup and delivery model carried low margins, operational scheduling complexity, and acquisition challenges.",operational_complexity,"high_cac_bad_unit_economics; business_model_mismatch; fundraising_dependency","24-hour turnaround burden; route logistics; low margins; labor-heavy service; failed acquisition talks","TechCrunch reproduced the founders' shutdown letter and reported that Washio had millions in revenue and many orders, but the on-demand laundry model did not become a durable standalone business.",medium,"Good on-demand services case; direct letter exists inside secondary article."
fs_0038,Move Loot,"A full-service marketplace for buying and selling secondhand furniture, including pickup, storage, listing, and delivery.",unknown,https://techcrunch.com/2016/06/29/move-loot-a-yc-backed-furniture-resale-marketplace-shuts-down-sells-customer-list-to-handy/,https://techcrunch.com/2016/06/13/furniture-resell-marketplace-move-loot-is-getting-acquired/,yes,news_article,secondary,2013,2016,United States,North America,marketplace,B2C,marketplace_take_rate,commission,paid_ads,series_a,22000000,unknown,"Move Loot shut down after trying to operate a high-touch furniture resale marketplace with difficult logistics, storage, delivery, and market-by-market density requirements.",operational_complexity,"marketplace_liquidity_failure; high_cac_bad_unit_economics; business_model_mismatch","furniture pickup and delivery; inventory/storage burden; local marketplace density; full-service operational load","TechCrunch reported that Move Loot closed and sold its customer list after prior issues, highlighting the burden of its full-service model for secondhand furniture resale.",medium,"Useful marketplace/ops case; funding slightly high but category mechanics are strong."
fs_0039,Prim,"A YC-backed door-to-door laundry service charging a flat rate for pickup, washing, folding, and delivery.",unknown,https://techcrunch.com/2014/01/06/prim-laundry-shuts-down/,,yes,official_shutdown_announcement,secondary,2013,2014,United States,North America,marketplace,B2C,services,custom,app_store,seed,unknown,unknown,"Prim shut down after concluding that a same-day laundry pickup and delivery service at its price point was not financially viable.",high_cac_bad_unit_economics,"operational_complexity; business_model_mismatch; no_urgent_pain","flat-rate laundry pricing; same-day operations; low-margin convenience service; small team course change","TechCrunch published the customer shutdown email and noted that making money on pickup, wash, fold, and delivery at the advertised price was likely the central challenge.",medium,"Good small YC on-demand case; short evidence but directly tied to unit economics."
fs_0040,Cherry,"An on-demand car wash service that sent washers to clean customers' cars where they were parked.",unknown,https://techcrunch.com/2012/12/23/cherry-car-wash-shut-down/,,yes,official_shutdown_announcement,secondary,2011,2012,United States,North America,marketplace,B2C,services,custom,app_store,seed,4750000,unknown,"Cherry shut down its on-demand car wash service after struggling to make the mobile car-wash model work across operations, pricing, and demand.",operational_complexity,"high_cac_bad_unit_economics; no_urgent_pain; business_model_mismatch","mobile labor dispatch; low-frequency service; local operations; convenience pricing pressure","The company shutdown statement reported by TechCrunch shows an early on-demand local-services startup abandoning its core service after failing to make the model work.",medium,"Good early on-demand case; evidence is concise, so confidence remains medium."
fs_0041,Secret,"An anonymous social app that let users share posts with friends and nearby users without attaching their identity.",unknown,https://www.forbes.com/sites/miguelhelft/2015/04/29/secret-the-100-million-social-app-shuts-down/,https://www.techspot.com/news/60532-end-road-anonymous-sharing-app-secret.html,yes,founder_postmortem,secondary,2014,2015,United States,North America,social,B2C,freemium,free,viral,series_a,35000000,unknown,"Founder David Byttow shut Secret down because the app no longer represented his original vision after anonymous usage patterns produced harmful behavior and reputation problems.",trust_safety_failure,"weak_retention; product_market_fit_failure; competition_pressure","anonymous abuse; malicious rumors; reputational damage; rapid hype decay; founder vision mismatch","Forbes and other coverage of Byttow's shutdown post report that Secret closed because actual user behavior diverged from the intended product vision, a classic anonymous-social trust failure.",medium,"Was in test set; now included because Batch 003 explicitly targets trust and safety."
fs_0042,Yik Yak,"An anonymous location-based social network popular on college campuses.",unknown,https://techcrunch.com/2017/04/28/yik-yak-shuts-down-after-square-paid-1-million-for-its-engineers/,https://techcrunch.com/2021/08/16/yik-yak-is-back/; https://www.insidehighered.com/news/2022/03/07/yik-yak-re-emerges-after-shutdown,yes,news_article,secondary,2013,2017,United States,North America,social,B2C,advertising,free,viral,pre_series_b,73500000,unknown,"Yik Yak's original app shut down after anonymous local posting created moderation, cyberbullying, and campus-safety problems while the product lost momentum.",trust_safety_failure,"weak_retention; competition_pressure; regulatory_or_legal_pressure","cyberbullying; harassment complaints; campus bans; moderation challenge; declining momentum","TechCrunch reported the shutdown and later coverage of the relaunch explicitly connects the original failure to cyberbullying, harassment, and moderation problems in anonymous local communities.",medium,"Funding is high and brand later relaunched, but original 2017 shutdown is analytically valuable for trust/safety."
fs_0043,Formspring,"An anonymous question-and-answer social platform that helped popularize ask-me-anything style profiles.",unknown,https://techcrunch.com/2013/03/15/formspring-the-pioneering-anonymous-qa-platform-is-shutting-down/,https://www.failory.com/cemetery/formspring,yes,news_article,secondary,2009,2013,United States,North America,social,B2C,advertising,free,viral,series_a,14000000,unknown,"Formspring shut down after anonymous Q&A was copied, repositioning efforts failed, and the product faced persistent cyberbullying and moderation concerns.",competition_pressure,"trust_safety_failure; weak_retention; product_market_fit_failure","anonymous Q&A copied by competitors; bullying concerns; failed repositioning; declining independent edge","TechCrunch reported that Formspring was shutting down after trying to move away from anonymous Q&A into an interest-based social network while competitors copied the format.",medium,"Trust/safety is secondary rather than primary here because competitive copying and repositioning are clearer in the main source."
fs_0044,App.net,"A paid social platform and developer API ecosystem intended as an alternative to ad-supported Twitter-like networks.",unknown,https://techcrunch.com/2017/01/12/app-net-the-ambitious-project-to-build-a-better-twitter-is-finally-dead/,https://en.wikipedia.org/wiki/App.net,yes,official_shutdown_announcement,secondary,2012,2017,United States,North America,social,B2C,subscription,paid_subscription,community,seed,2500000,unknown,"App.net went into maintenance mode and later shut down because paid subscriptions and developer ecosystem revenue were not enough to support a full-time team.",bad_pricing,"market_too_small; no_urgent_pain; competition_pressure","paid social network friction; insufficient revenue; niche developer community; maintenance mode","TechCrunch reported that App.net shut down after failing to generate enough revenue to sustain staff, despite an ambitious paid alternative-social-network vision.",medium,"Good pricing/willingness-to-pay case."
fs_0045,Blab,"A live group video chat and broadcasting app that grew quickly around public conversations.",unknown,https://techcrunch.com/2016/08/14/blab-shuts-down-but-founders-promise-new-product-on-the-way/,https://venturebeat.com/mobile/blab-video-chat-app-no-more/,yes,founder_postmortem,secondary,2015,2016,United States,North America,consumer_app,B2C,advertising,free,viral,seed,unknown,unknown,"CEO Shaan Puri said Blab had millions of users but most were not returning regularly, and the product failed to generate strong enough commercial traction.",weak_retention,"product_market_fit_failure; business_model_mismatch; no_urgent_pain","large signups; poor repeat usage; weak commercial use case; live video novelty decay","Coverage of Puri's shutdown post says Blab grew fast but failed because users did not come back often enough and the product lacked commercial traction.",medium,"Good consumer retention case with founder explanation via secondary coverage."
fs_0046,Meerkat,"A mobile live-streaming app that let users broadcast video through Twitter distribution.",unknown,https://www.androidpolice.com/2016/10/02/mobile-broadcasting-app-meerkat-officially-dead/,https://www.vanityfair.com/news/2016/03/meerkat-loses-the-live-streaming-war; https://techcrunch.com/2015/03/01/meerkat/,yes,founder_interview,secondary,2015,2016,United States,North America,consumer_app,B2C,advertising,free,viral,seed,12000000,unknown,"Meerkat lost momentum after Twitter restricted its social graph access and acquired Periscope, while Facebook also entered live streaming.",platform_risk,"competition_pressure; distribution_failure; product_market_fit_failure","Twitter graph dependence; platform restriction; Periscope acquisition; Facebook Live competition; hype decay","Coverage of Meerkat's death and founder comments show a consumer app whose distribution depended on Twitter and was rapidly undermined by platform owner competition.",medium,"Good platform-risk case; source is secondary but strong."
fs_0047,Grooveshark,"A music streaming service that let users upload and stream music online.",unknown,https://techcrunch.com/2015/04/30/grooveshark-sinks/,https://time.com/3842959/grooveshark-shuts-down-sued-internet-business-escape-media-group/,yes,official_shutdown_announcement,secondary,2006,2015,United States,North America,media,B2C,advertising,free,SEO,series_a,unknown,unknown,"Grooveshark shut down as part of a legal settlement after years of copyright litigation and acknowledged it failed to secure licenses from music rights holders.",regulatory_or_legal_pressure,"business_model_mismatch; platform_risk; competition_pressure","copyright lawsuits; missing music licenses; settlement shutdown; app and IP surrender","TechCrunch reproduced Grooveshark's shutdown statement, which admitted the company failed to secure music licenses and agreed to cease operations as part of a settlement.",high,"Strong legal/regulatory pressure case, though older and somewhat later-stage."
fs_0048,99dresses,"A fashion marketplace where women could trade clothing items in a virtual closet model.",unknown,https://www.failory.com/cemetery/99dresses,https://www.sunsethq.com/blog/why-did-99dresses-fail,yes,founder_postmortem,secondary,2010,2014,Australia,Asia-Pacific,marketplace,B2C,marketplace_take_rate,commission,viral,seed,105000,unknown,"Founder Nikki Durkin's postmortem describes a marketplace that faced cofounder, visa, funding, and execution problems while trying to build liquidity across geographies.",marketplace_liquidity_failure,"founder_conflict; fundraising_dependency; distribution_failure","two-sided marketplace cold start; geographic mismatch; cofounder problems; funding and visa stress","Secondary summaries of Durkin's founder postmortem show a small marketplace struggling to create enough supply-demand liquidity while also facing severe team and funding constraints.",medium,"Need original Medium/source archive later; useful because marketplace liquidity is underrepresented."
fs_0049,Dinnr,"A meal-kit style service that delivered ingredients and recipes for home cooking.",unknown,https://inc42.com/resources/seven-lessons-learned-failure-first-startup-dinnr/,https://www.failory.com/cemetery/dinnr,yes,founder_postmortem,primary,2012,2014,United Kingdom,Europe,ecommerce,B2C,transaction_fee,one_time_purchase,paid_ads,bootstrapped,unknown,unknown,"Founder Michal Bohanes wrote that Dinnr was a solution looking for a problem, with insufficient real customer need despite iteration and marketing attempts.",no_urgent_pain,"product_market_fit_failure; distribution_failure; high_cac_bad_unit_economics","weak pain; solution-first product; marketing could not fix demand; meal planning behavior friction","The founder postmortem says the company lacked a real market need from the beginning, making later iteration and marketing ineffective.",high,"Strong primary founder lesson; good non-US weak-pain case."
fs_0050,Outbox,"A mail digitization service that picked up users' physical mail, scanned it, and delivered it digitally.",unknown,https://techcrunch.com/2014/01/21/outbox-shuts-down/,https://www.mic.com/articles/61719/why-usps-outbox-is-doomed,yes,official_shutdown_announcement,secondary,2011,2014,United States,North America,productivity,B2C,subscription,paid_subscription,founder_led_sales,series_a,5000000,unknown,"Outbox shut down its current service after low waitlist conversion, difficulty finding scalable acquisition channels, and pressure from the postal ecosystem around a behavior-changing mail product.",distribution_failure,"no_urgent_pain; platform_risk; regulatory_or_legal_pressure","under 10 percent waitlist conversion; hard scalable acquisition; postal ecosystem resistance; behavior-change friction","TechCrunch reported Outbox's shutdown note saying waitlist yield was under 10 percent and outside-network marketing could not find a repeatable scalable acquisition channel.",medium,"Good distribution plus institutional friction case; classify as distribution primary because source gives clear acquisition data."
fs_0051,ABBY,"A documentation service for A/B tests and experimentation knowledge.",unknown,https://www.failory.com/interview/abby,,yes,founder_interview,primary,2015,2016,Germany,Europe,SaaS,B2B,subscription,unknown,founder_led_sales,bootstrapped,0,unknown,"Founder Andy Goldschmidt explained that ABBY would have required educating users into a workflow they did not yet urgently need.",no_urgent_pain,"market_too_small; distribution_failure; product_market_fit_failure","A/B test documentation was not urgent; user education burden; unclear willingness to pay","The founder interview frames the failure around a product that could be useful in theory but lacked urgent enough demand to justify adoption and education.",high,"Good small European SaaS weak-pain case."
fs_0052,Adproval,"A marketplace connecting bloggers and social media influencers with brands for sponsored content.",unknown,https://www.failory.com/interview/adproval,,yes,founder_interview,primary,2011,2017,United States,North America,marketplace,B2B2C,marketplace_take_rate,commission,founder_led_sales,seed,300000,unknown,"Founder Matthew Anderson described raising about $300k and generating only modest software revenue while consulting work dominated the business.",business_model_mismatch,"marketplace_liquidity_failure; distribution_failure; too_broad_icp","self-serve marketplace did not monetize; consulting revenue masked weak product business; unclear focus on revenue","The founder interview shows a marketplace whose self-service software did not become a strong revenue engine, pushing the company toward consulting rather than scalable marketplace economics.",high,"Useful small marketplace business-model case."
fs_0053,Ansaro,"A recruiting SaaS using data science and AI to improve interviewing and hiring decisions.",unknown,https://www.failory.com/interview/ansaro,,yes,founder_interview,primary,2016,2018,United States,North America,SaaS,B2B,enterprise_contract,enterprise,sales_led,seed,3000000,6,"Co-founder Sam Stone said Ansaro failed to achieve product-market fit after two pivots and never moved beyond services-heavy pilots.",product_market_fit_failure,"sales_cycle_too_long; business_model_mismatch; fundraising_dependency","enterprise pilots without repeatable SaaS adoption; services revenue; high burn; two pivots","The founder interview says Ansaro raised $3M, had enterprise customers, but failed to get past pilot contracts and returned remaining capital to investors.",high,"Strong B2B SaaS enterprise-pilot failure case."
fs_0054,Delite,"A SaaS platform for B2B wholesale order forms and payments.",unknown,https://www.failory.com/interview/delite,,yes,founder_interview,primary,2016,2017,United States,North America,SaaS,B2B,subscription,paid_subscription,founder_led_sales,bootstrapped,0,unknown,"Founder Pat Walls said Delite was a nice-to-have for wholesale businesses, required changing core sales workflows, and saw low usage after onboarding.",no_urgent_pain,"sales_cycle_too_long; product_market_fit_failure; operational_complexity","nice-to-have workflow tool; low usage; long customer education; changing core order process","The founder interview clearly states that customers understood the problem but kept postponing adoption because Delite was not urgent enough.",high,"Excellent weak-pain and workflow-change SaaS case."
fs_0055,Eloquis,"A personalization platform for mobile apps.",unknown,https://www.failory.com/interview/eloquis,,yes,founder_interview,primary,2010,2011,United States,North America,SaaS,B2B,subscription,unknown,outbound,bootstrapped,0,unknown,"Founder Rohit Nallapeta said mobile app personalization was too early, not an immediate need, and targeted the wrong customer segment.",timing_problem,"no_urgent_pain; distribution_failure; too_broad_icp","early mobile personalization market; wrong buyer; weak value articulation; brand confusion","The founder interview explains that the product assumed a market need before mobile teams were ready to buy this kind of personalization service.",high,"Good early-market/timing case."
fs_0056,Eventloot,"A SaaS platform for wedding planning professionals to manage events and clients.",unknown,https://www.failory.com/interview/eventloot,,yes,founder_interview,primary,2014,2017,United States,North America,SaaS,B2B,subscription,paid_subscription,paid_ads,bootstrapped,0,unknown,"Founder Justin Anyanwu said Eventloot was built without enough customer input and failed to solve the core problems wedding planners actually had.",product_market_fit_failure,"distribution_failure; no_urgent_pain; high_cac_bad_unit_economics","built assumptions first; Facebook ads poor ROI; users signed up and did not return; missing collaboration features","The founder interview describes three years of building and marketing before realizing the product lacked the core functionality planners needed.",high,"Strong customer-discovery failure case."
fs_0057,Habitual,"A habit-tracking app inspired by Atomic Habits and built by an experienced solo maker.",unknown,https://www.failory.com/interview/habitual,,yes,founder_interview,primary,2019,2021,Denmark,Europe,consumer_app,B2C,freemium,freemium,app_store,bootstrapped,0,unknown,"Founder Holger Sindbaek said the product was personally useful but failed commercially because marketing and distribution were underestimated in a crowded app category.",distribution_failure,"competition_pressure; no_urgent_pain; weak_retention","crowded habit-tracker market; weak marketing; personal itch not enough; app discovery problem","The founder interview treats Habitual as a commercial failure despite product-building experience because distribution was not solved.",high,"Good solo maker app-distribution case from Denmark."
fs_0058,Ink,"A tool for freelancers to create, send, and sign client contracts.",unknown,https://www.failory.com/interview/ink,,yes,founder_interview,primary,2015,2015,United States,North America,productivity,prosumer,subscription,freemium,product_led,pre_seed,16000,unknown,"Founder Andrew Askins said Ink had some traction but the team overbuilt for too long, burned out, and shut down before making the business model work.",founder_conflict,"business_model_mismatch; distribution_failure; weak_retention","team burnout; overbuilt product; delayed launch; unclear monetization from free contracts","The founder interview says the team spent too long building, launched late, and lacked the energy to continue iterating after the initial business model failed.",high,"Good team/burnout and overbuilding case."
fs_0059,Muun,"A SaaS tool for coworking space owners and community managers.",unknown,https://www.failory.com/interview/muun,,yes,founder_interview,primary,2017,2018,Netherlands,Europe,SaaS,B2B,subscription,paid_subscription,content,bootstrapped,0,unknown,"Founder Eelco explained that coworking spaces were budget-constrained, competitors were far ahead, and the product never found a paying segment with enough urgency.",competition_pressure,"market_too_small; bad_pricing; distribution_failure","well-funded competitors; customers unwilling to pay; low conversion after launch; high churn after pivot","The founder interview shows a bootstrapped SaaS entering a niche with budget-limited buyers and mature alternatives, making differentiation and pricing difficult.",high,"Good non-US SaaS competition and pricing case."
fs_0060,MyCity,"A SaaS platform for local governments to collect resident feedback and build relationships with citizens.",unknown,https://www.failory.com/interview/mycity,,yes,founder_interview,primary,2014,2017,Russia,Europe,SaaS,enterprise,subscription,enterprise,sales_led,bootstrapped,0,5,"Founder Stepa Mitaki said MyCity tried to sell software for a process municipalities did not yet have, creating a non-existing market problem.",market_too_small,"sales_cycle_too_long; no_urgent_pain; product_market_fit_failure","government process did not exist; bottom-up demand failed; direct sales hard; new workflow creation","The founder interview explains that municipalities lacked internal processes for resident-feedback work, so the SaaS was not improving an existing budgeted workflow.",high,"Strong govtech non-existing-market case."
fs_0061,Profitabilly,"A job-cost tracking SaaS for agencies, consultants, and service businesses.",unknown,https://www.failory.com/interview/profitabilly,,yes,founder_interview,primary,2018,2019,Indonesia,Asia,SaaS,B2B,subscription,paid_subscription,outbound,bootstrapped,0,1,"Founder Natagon shut down Profitabilly despite about $290 MRR because he lacked passion for the market and did not want to run it for years.",founder_conflict,"distribution_failure; market_too_small; weak_retention","profitable but low conviction; solo founder motivation loss; limited marketing effort; small customer base","The founder interview is valuable because it shows a profitable side-project ending from founder-market fit and long-term motivation failure, not pure lack of revenue.",high,"Good unusual case: profitable but not worth continuing."
fs_0062,REPitchbook,"A SaaS tool for real estate professionals to create pitchbooks and marketing materials.",unknown,https://www.failory.com/interview/repitchbook,,yes,founder_interview,primary,2017,2018,Canada,North America,SaaS,B2B,subscription,enterprise,founder_led_sales,bootstrapped,0,1,"Founder Charlie Reese said REPitchbook failed because pilot customers could not use the product effectively and email integration was missing from their workflow.",product_market_fit_failure,"technical_complexity; no_urgent_pain; sales_cycle_too_long","bad UI; missing email integration; pilot users confused; rebuild required","The founder interview says pilot feedback exposed major product usability and workflow gaps, and the founder killed the product rather than rebuild without sales traction.",high,"Good pilot-feedback and poor-product-fit SaaS case."
fs_0063,RingDaddy,"A no-code SMS remarketing SaaS for livestreamers to notify audiences when they went live.",unknown,https://www.failory.com/interview/ringdaddy,,yes,founder_interview,primary,2020,2020,Brazil,South America,SaaS,B2C,subscription,paid_subscription,community,bootstrapped,0,1,"Founder Isaac Medeiros learned that streamer audiences were reluctant to give phone numbers, making the core SMS remarketing behavior socially unacceptable.",product_market_fit_failure,"trust_safety_failure; no_urgent_pain; distribution_failure","viewer phone-number reluctance; streamer hesitation; negative audience reaction; fast no-code validation","The founder interview shows a fast MVP that technically worked but failed because the customer/audience behavior required for the product was too uncomfortable.",high,"Strong no-code fast-validation case from Brazil."
fs_0064,Tailor,"An A/B testing and website optimization SaaS for small websites.",unknown,https://www.failory.com/interview/tailor,,yes,founder_interview,primary,2017,2017,United Kingdom,Europe,SaaS,B2B,subscription,freemium,product_led,bootstrapped,0,1,"Founder Joe d'Elia said Tailor was built without enough research, targeted small sites that could not benefit much from the product, and lacked marketing follow-through.",distribution_failure,"product_market_fit_failure; competition_pressure; technical_complexity","800 signups but weak onboarding; small sites lacked traffic; broken math; large competitors had free options","The founder interview connects failure to insufficient validation, weak marketing, and a product whose value was limited for the target customer segment.",high,"Good maker/SaaS distribution case from the UK."
fs_0065,sitebot.ai,"A side-project SaaS chatbot or website assistant product.",unknown,https://www.indiehackers.com/product/sitebot-ai/shutting-down--LzaLU_ncJbCPvP1Qdni,,yes,founder_postmortem,primary,2019,2020,Finland,Europe,SaaS,B2B,subscription,freemium,product_led,bootstrapped,0,unknown,"Founder Hannu Jaakkola said converting users to customers was challenging and later noted the product lacked a clear target group that would actually buy.",too_broad_icp,"distribution_failure; bad_pricing; no_urgent_pain","unclear target customer; small users unwilling to pay; conversion problems; founder motivation loss","The Indie Hackers shutdown post and founder comment explain that the product did not have a focused buyer segment with willingness to pay.",high,"Good concise Indie Hackers ICP/pricing case."
fs_0066,Tiers,"A SaaS pricing-testing tool for companies to experiment with pricing flows.",unknown,https://www.indiehackers.com/product/tiers/rip-tiers--LtWr85vn-t-7WSNjwe1,,yes,founder_postmortem,primary,2019,2019,United States,North America,SaaS,B2B,subscription,paid_subscription,product_led,bootstrapped,0,unknown,"Founder Joshua Anderton said Tiers failed because pricing tests were too infrequent and it was hard to become part of a SaaS company's pricing workflow.",no_urgent_pain,"sales_cycle_too_long; market_too_small; product_market_fit_failure","infrequent pricing tests; hard workflow insertion; narrow use case; low urgency","The founder postmortem states that even SaaS companies do not change or test pricing often enough to support a dedicated workflow tool.",high,"Good narrow-use-case SaaS case."
fs_0067,DynaDomains,"A marketplace for leasing valuable domain names to businesses.",unknown,https://www.indiehackers.com/product/dynadomains/-MAnHnL3fRuMGkCblJ58?commentId=-MB9wJ5sgYb8x5cbO8vx,,yes,founder_postmortem,primary,2020,2020,United States,North America,marketplace,B2B,marketplace_take_rate,paid_subscription,paid_ads,bootstrapped,0,unknown,"Founder Timothy Carambat said DynaDomains listed over $3M worth of domains but had no lessees after ads and outbound failed to produce sales.",marketplace_liquidity_failure,"distribution_failure; no_urgent_pain; bad_pricing","many domains but no renters; $4K ads with zero sales; 3500 direct emails; domain leasing behavior risk","The founder postmortem gives unusually concrete failed acquisition data and shows one-sided supply without corresponding demand.",high,"Strong small marketplace liquidity case."
fs_0068,Site Pixel,"A SaaS product for website tracking or on-site pixel-based tools.",unknown,https://www.indiehackers.com/product/site-pixel/-MlHnnBJQwpqS2H9f8lt?commentId=-MlLC2tx5QlwZjGUSLOC,,yes,founder_postmortem,primary,2021,2021,United States,North America,SaaS,B2B,subscription,paid_subscription,product_led,bootstrapped,0,unknown,"Founder Taylor Brazelton shut Site Pixel down after conversations with potential users showed interest but nobody was willing to pay.",no_urgent_pain,"bad_pricing; distribution_failure; product_market_fit_failure","people talked but did not pay; $50/month perceived expensive; MVP not worth ongoing effort","The founder postmortem is a concise willingness-to-pay failure: conversations created apparent interest, but customers did not vote with dollars.",high,"Useful tiny SaaS demand-validation case."
fs_0069,GrwthApp,"An Instagram growth automation product for personal brands or social media accounts.",unknown,https://www.indiehackers.com/product/grwthapp/shutting-down--MX9YZC0VKNMyjS77_et,,yes,founder_postmortem,primary,2020,2021,United States,North America,SaaS,B2B,subscription,paid_subscription,marketplace_platform,bootstrapped,0,unknown,"Founder Owen Thurm said GrwthApp could not continue after Instagram banned their own brand account and the founders could no longer guarantee customer account safety.",platform_risk,"trust_safety_failure; regulatory_or_legal_pressure; product_market_fit_failure","Instagram enforcement risk; customer account safety risk; automation depended on platform tolerance","The founder postmortem directly ties shutdown to Instagram platform enforcement and inability to safely provide the service to customers.",high,"Strong small platform-risk case."
fs_0070,MotionThink,"A startup building productivity tools for freelancers after an accelerator co-founder matching process.",unknown,https://www.failory.com/interview/motionthink,,yes,founder_interview,primary,2014,2015,United States,North America,productivity,prosumer,subscription,paid_subscription,founder_led_sales,pre_seed,100000,unknown,"Founder Andrew Chen said MotionThink shut down because co-founders were not aligned on vision, motivations, and what to build, causing debate to replace execution.",founder_conflict,"product_market_fit_failure; no_urgent_pain; operational_complexity","co-founder misalignment; long debates; no working product; accelerator team formation risk","The founder interview gives a detailed account of how mismatched founder motivations and product direction killed the company before it reached a real product launch.",high,"Strong founder-conflict case with detailed primary interview."
fs_0071,Observa,"A YC-backed intrusion detection tool started by a former Robinhood employee.",unknown,https://www.failory.com/interview/observa,,yes,founder_interview,primary,2020,2021,United States,North America,devtool,B2B,subscription,enterprise,founder_led_sales,seed,462000,unknown,"Founder Rob Picard described joining YC, raising $462k, and shutting down after getting lost in the idea maze without finding a compelling security product wedge.",product_market_fit_failure,"technical_complexity; too_broad_icp; no_urgent_pain","security idea maze; unclear wedge; hard product definition; insufficient customer pull","The founder interview describes a technically sophisticated security idea that never converged into a focused product with enough customer demand.",high,"Good technical-founder PMF case."
fs_0072,WePlate,"A nutrition optimization app and B2B SaaS for college dining teams.",unknown,https://www.failory.com/interview/weplate,,yes,founder_interview,primary,2021,2022,United States,North America,healthtech,B2B,subscription,enterprise,sales_led,bootstrapped,10000,unknown,"Founder Alex Hu said WePlate talked to around 100 colleges and learned that neither dining teams nor most students urgently wanted the product.",no_urgent_pain,"sales_cycle_too_long; product_market_fit_failure; market_too_small","100 colleges contacted; no buyer pull; students not sufficiently motivated; complex nutrition algorithm without urgent budget","The founder interview shows a technically thoughtful health product that failed because institutional buyers did not see a bottom-line reason to adopt it.",high,"Strong healthtech/no-urgent-pain case."
fs_0073,DenberTech,"A crypto payment acceptance startup for physical businesses in Spain.",unknown,https://www.failory.com/interview/denbertech,,yes,founder_interview,primary,2022,2023,Spain,Europe,fintech,B2B,transaction_fee,commission,paid_ads,bootstrapped,5000,unknown,"Founder Dennis Ramirez Bernal said crypto hype produced interest but not a real business problem merchants urgently needed solved.",no_urgent_pain,"high_cac_bad_unit_economics; technical_complexity; timing_problem","crypto hype; high CAC; unfinished MVP; merchants interested in publicity not actual payment need","The founder interview explains that the startup chased a crypto trend and discovered there was no meaningful pain behind the leads.",high,"Good fintech/crypto hype case from Spain."
fs_0074,Star Sync,"A marketplace selling paid digital experiences with streamers and online creators.",unknown,https://www.failory.com/interview/starsync,,yes,founder_interview,primary,2021,2023,United States,North America,marketplace,B2C,marketplace_take_rate,commission,paid_ads,bootstrapped,95000,unknown,"Founder Jonny Boyarsky spent about $95k building before proving market demand, then found creators and users did not adopt the marketplace strongly enough.",no_urgent_pain,"marketplace_liquidity_failure; technical_complexity; distribution_failure","agency promises failed; creators not invested; low conversion from creator audiences; expensive product build before MVP","The founder interview is a strong example of overbuilding a marketplace before validating whether either side truly cared enough to transact.",high,"Good marketplace demand-validation case."
fs_0075,Cam.ly,"A Wi-Fi camera hardware startup that tried to stream and store video in the cloud.",unknown,https://www.failory.com/interview/cam-ly,,yes,founder_interview,primary,2009,2010,United States,North America,hardware,B2C,hardware_margin,one_time_purchase,founder_led_sales,bootstrapped,100000,unknown,"Founder Dane Jensen said Cam.ly failed after trying to raise money before proving a polished product in a technically demanding consumer hardware category.",technical_complexity,"fundraising_dependency; competition_pressure; product_market_fit_failure","unfinished hardware product; cloud video complexity; competing with Nest predecessor; investor skepticism","The founder interview frames Cam.ly as a hardware/product execution failure: the team needed a polished product before investor conviction could emerge.",high,"Strong early hardware technical-execution case."
fs_0076,Wattage,"A hardware design platform meant to let non-experts customize electronics online.",unknown,https://www.failory.com/cemetery/wattage,,yes,startup_database,secondary,2014,2015,Canada,North America,hardware,B2C,hardware_margin,custom,product_led,seed,200000,unknown,"Failory's cemetery summary says Wattage focused on proving technical feasibility but failed to validate market interest for customizable hardware creation.",technical_complexity,"no_urgent_pain; timing_problem; fundraising_dependency","hardware customization complexity; technical feasibility first; weak validation; investor doubts about scalability","The case is useful because the technical vision was ambitious, but evidence of customer demand and scalable execution lagged behind the product concept.",medium,"Secondary source; keep as a technical/hardware gap filler."
fs_0077,Zor Technology,"A teenage founder's consumer-electronics import and resale business in Australia.",unknown,https://www.failory.com/interview/zor-technology,,yes,founder_interview,primary,2008,2009,Australia,Asia-Pacific,ecommerce,B2C,hardware_margin,one_time_purchase,partnerships,bootstrapped,1000,unknown,"Founder Mathew Carpenter shut Zor Technology down after receiving a legal threat from Apple over imported consumer electronics.",regulatory_or_legal_pressure,"trust_safety_failure; operational_complexity; founder_conflict","Apple legal threat; imported electronics; young founder; legal risk ignored","The founder interview is a clean small-scale example of legal pressure ending a business even after early sales momentum.",high,"Useful non-US legal-pressure case."
fs_0078,MealSurfers,"A marketplace for home-cooked meals in Canada.",unknown,https://www.failory.com/interview/mealsurfers,,yes,founder_interview,primary,2016,2018,Canada,North America,marketplace,B2C,marketplace_take_rate,commission,community,bootstrapped,unknown,4,"Founder Ali Jiwani said MealSurfers lacked enough recurring customers, faced constant regulatory hurdles, and stayed attached to the original business model too long.",regulatory_or_legal_pressure,"weak_retention; marketplace_liquidity_failure; operational_complexity","Toronto Public Health pressure; less than 10 percent repeat customers; non-standardized home meals; regulatory grey area","The founder interview explicitly links the soft landing to regulation, weak repeat behavior, and the difficulty of standardizing a home-cooked meal marketplace.",high,"Strong food marketplace regulatory/retention case."
fs_0079,Brisk,"A prescriptive intelligence product that recommended sales actions using CRM data.",unknown,https://www.failory.com/interview/brisk,,yes,founder_interview,primary,2012,2016,Sweden,Europe,SaaS,B2B,subscription,enterprise,sales_led,seed,2000000,unknown,"Founder Hampus Jakobsson said Brisk became unfocused and depended too heavily on Salesforce's data model, customizations, and roadmap.",platform_risk,"too_broad_icp; technical_complexity; product_market_fit_failure","Salesforce dependency; custom CRM complexity; too many use cases; unfocused onboarding and sales","The founder interview describes both platform dependency and technical/customer complexity: Brisk tried to support too many Salesforce variants and did not solve one critical problem completely.",high,"Strong European SaaS platform-risk case."
fs_0080,Hubrif,"A Nigerian video-on-demand platform for African short films.",unknown,https://www.failory.com/interview/hubrif,,yes,founder_interview,primary,2017,2019,Nigeria,Africa,media,B2C,subscription,paid_subscription,content,bootstrapped,10000,unknown,"Founder Tobi Ogunwande said Hubrif's niche was too small, monetization did not work, hosting costs were high, and founder/investor disagreements slowed execution.",market_too_small,"business_model_mismatch; founder_conflict; operational_complexity","small African short-film audience; zero revenue; hosting costs; disagreement with investor and technical co-founder exit","The founder interview gives unusually detailed evidence on niche size, failed subscription monetization, and management problems in a non-US media startup.",high,"Excellent Africa/non-US market-size case."
fs_0081,Siempo,"A wellness-focused smartphone interface designed to reduce distraction and improve mental health.",unknown,https://www.failory.com/interview/siempo,,yes,founder_interview,primary,2017,2021,United States,North America,healthtech,B2C,freemium,freemium,app_store,seed,1100000,unknown,"Founder Andrew Murray's interview describes raising over $1M for a phone interface that never generated revenue or reached durable product-market fit.",product_market_fit_failure,"no_urgent_pain; weak_retention; competition_pressure","wellness mission; no revenue; hard behavior change; competing with default phone UX","The founder interview is useful for digital wellness: strong mission and funding were not enough to create a product users would consistently adopt and pay for.",high,"Good mental-health/wellness PMF case."
fs_0082,Refolo,"A plant-based meal-planning app for people trying to improve their diet.",unknown,https://www.failory.com/interview/refolo,,yes,founder_interview,primary,2018,2020,United States,North America,healthtech,B2C,subscription,paid_subscription,content,bootstrapped,unknown,unknown,"Founder Lola Ojabowale spent two years on Refolo before concluding that the target users were not already spending money to solve the problem.",no_urgent_pain,"bad_pricing; distribution_failure; product_market_fit_failure","users not already paying; meal planning behavior friction; health interest without buying intent","The founder interview shows a health/meal-planning product with an appealing mission but weak evidence of willingness to pay.",high,"Good healthtech willingness-to-pay case."
fs_0083,Swipes,"A productivity app company that tried to build task and workflow tools across several years.",unknown,https://www.failory.com/interview/swipes,,yes,founder_interview,primary,2013,2019,Bulgaria,Europe,productivity,prosumer,freemium,freemium,product_led,seed,100000,unknown,"Founder Stefan Vladimirov said Swipes operated for six years and nearly raised $1M but never found product-market fit.",product_market_fit_failure,"fundraising_dependency; weak_retention; competition_pressure","six-year search; almost raised $1M; no durable PMF; crowded productivity market","The founder interview is a strong long-running non-US productivity case: persistence and product iterations did not produce a focused market pull.",high,"Good Bulgaria/non-US PMF case."
fs_0084,Tali,"A voice-powered timekeeping assistant for lawyers using Alexa and Google Assistant.",unknown,https://www.failory.com/interview/tali,,yes,founder_interview,primary,2017,2019,United States,North America,SaaS,B2B,subscription,enterprise,sales_led,seed,750000,unknown,"Founder Matthew Volm said Tali burned about $750k while struggling to get meaningful traction for a voice-first legal timekeeping product.",product_market_fit_failure,"technical_complexity; sales_cycle_too_long; no_urgent_pain","voice interface adoption; lawyers' workflow inertia; low traction; expensive build","The founder interview shows a technically interesting legaltech workflow product that did not fit user behavior strongly enough to justify continued spending.",high,"Good legaltech/voice-interface case."
fs_0085,LocalTown,"A no-code marketplace for makers launching side projects.",unknown,https://www.failory.com/interview/localtown,,yes,founder_interview,primary,2016,2018,United States,North America,marketplace,B2B2C,marketplace_take_rate,commission,community,bootstrapped,0,1,"Founder Michael Novotny built LocalTown with no-code tools but failed to turn maker interest into a profitable marketplace.",marketplace_liquidity_failure,"no_urgent_pain; business_model_mismatch; distribution_failure","maker marketplace; unclear transaction demand; no-code build; weak profitability","The founder interview is a small marketplace case where interest from makers did not translate into enough monetizable supply-demand liquidity.",high,"Good small no-code marketplace case."
fs_0086,Flux,"A modular multi-messaging client built around owning messages while interacting with mainstream channels.",unknown,https://www.failory.com/interview/flux,,yes,founder_interview,primary,2011,2016,Germany,Europe,productivity,prosumer,freemium,freemium,product_led,seed,100000,unknown,"Founder Jan Johannes said Flux raised about EUR70k plus personal investment but failed after a combination of product, focus, and market issues.",technical_complexity,"platform_risk; product_market_fit_failure; founder_conflict","multi-channel messaging complexity; data portability vision; open-source aftermath; many combined issues","The founder interview describes a technically ambitious messaging product where platform integration and product complexity outpaced clear market pull.",high,"Good Germany technical/platform complexity case."
fs_0087,Hello Tyro,"A Belgian HR platform matching students with startup internships.",unknown,https://www.failory.com/interview/hello-tyro,,yes,founder_interview,primary,2017,2020,Belgium,Europe,SaaS,B2B,subscription,paid_subscription,sales_led,seed,300000,unknown,"Founder Pierre Tillement said Hello Tyro reached about EUR4k MRR and raised EUR250k, but still failed to find product-market fit and ran out of cash.",product_market_fit_failure,"fundraising_dependency; sales_cycle_too_long; business_model_mismatch","HR marketplace/SaaS pivot; modest MRR; annual commitments; bankruptcy","The founder interview shows a service-to-platform HR startup with some revenue but insufficient PMF to survive after funding ran out.",high,"Good European HR SaaS case."
fs_0088,Botnim,"A web app and chatbot for finding nearby dishes by nutrition values and location.",unknown,https://www.failory.com/interview/botnim,,yes,founder_interview,primary,2017,2017,Israel,Middle East,healthtech,B2C,transaction_fee,commission,founder_led_sales,bootstrapped,unknown,2,"Founders Shaked Klein Orbach and Gilad Peled said they failed to validate that people eating out cared enough about nutrition filtering to use the product.",product_market_fit_failure,"no_urgent_pain; business_model_mismatch; technical_complexity","chatbot latency; map pivot; restaurant lab-testing costs; wrong assumption about eating-out behavior","The founder interview clearly states that the team built around an assumption: people who cared deeply about nutrition usually did not eat out often enough for the product.",high,"Good Israel health/food PMF case."
fs_0089,Singulution,"A real-time point-of-sale and business management system for multi-location vendors.",unknown,https://www.failory.com/interview/singulution,,yes,founder_interview,primary,2017,2018,United States,North America,SaaS,B2B,subscription,enterprise,founder_led_sales,bootstrapped,30000,1,"Founder Hunt Burdick spent 10 months and about $30k building a complex POS/business-management system before validating market demand.",technical_complexity,"product_market_fit_failure; no_urgent_pain; sales_cycle_too_long","full-duplex real-time POS; multi-location complexity; 10-month build; insufficient lean validation","The founder interview is a strong lean-startup cautionary case: technical product ambition consumed time and money before market validation.",high,"Good technical overbuilding case."
fs_0090,WantRemoteJob,"A job board for remote jobs in the IT industry.",unknown,https://www.failory.com/interview/wantremotejob,,yes,founder_interview,primary,2017,2017,Latvia,Europe,marketplace,B2B2C,advertising,free,community,bootstrapped,6000,1,"Founder Vyacheslav Grzhybovsky shut down WantRemoteJob after realizing that maintaining and growing the job board required more time and people than the expected payoff justified.",operational_complexity,"marketplace_liquidity_failure; distribution_failure; market_too_small","job board maintenance burden; solo founder capacity; insufficient payoff; two-sided marketplace effort","The founder interview shows a solo-founder marketplace where ongoing operations and distribution requirements exceeded the realistic return from the niche.",high,"Good Latvia/non-US solo marketplace case."
fs_0091,Cuddli,"A dating app for geeks that reached more than 100,000 users.",unknown,https://www.failory.com/interview/cuddli,,yes,founder_interview,primary,2016,2020,United States,North America,consumer_app,B2C,freemium,freemium,app_store,bootstrapped,unknown,unknown,"Founder Robert Walker said Cuddli had users and couples but no realistic path to profitability or exit before the founders ran out of personal runway.",business_model_mismatch,"timing_problem; weak_retention; market_too_small","100k users; dating-app churn; monetization depended on partner deals; no path to exit","The founder interview is valuable because it separates product usage from company viability: Cuddli created matches but could not turn that into a sustainable business model.",high,"Good final-batch case because it is not a generic PMF failure."
fs_0092,Community Coders,"A marketplace-like education services business connecting local companies with high school students for web and marketing projects.",unknown,https://www.failory.com/interview/community-coders,,yes,founder_interview,primary,2018,2019,Canada,North America,edtech,B2B2C,services,custom,founder_led_sales,bootstrapped,unknown,unknown,"Founder Kaito Cunningham said Community Coders had too many students and not enough paying businesses, with an unsustainable sales cycle and weak differentiated value.",marketplace_liquidity_failure,"business_model_mismatch; distribution_failure; operational_complexity","too much student supply; not enough business demand; referrals could not scale; service delivery complexity","The founder interview explicitly describes a supply-demand imbalance and a weak revenue side, making it useful for marketplace liquidity rather than another PMF-only case.",high,"Good Canada education marketplace-liquidity case."
fs_0093,ExploreVR,"A directory and review site intended to become a TripAdvisor-style discovery product for virtual reality experiences.",unknown,https://www.failory.com/interview/explorevr,,yes,founder_interview,primary,2017,2018,United States,North America,media,B2C,advertising,free,SEO,bootstrapped,6000,1,"Founder Andrey Norin said ExploreVR failed because he built before validating the VR supply-demand equation and lacked startup experience.",timing_problem,"market_too_small; distribution_failure; founder_conflict","early VR market; weak market research; directory supply-demand unclear; solo-founder inexperience","The founder interview shows a market-timing and market-research failure in an emerging category where enthusiasm for VR did not yet imply a viable directory business.",high,"Useful timing/market-size case."
fs_0094,Onepagetrip,"A travel itinerary sharing community for planning and sharing trips on one page.",unknown,https://www.failory.com/interview/onepagetrip,,yes,founder_interview,primary,2014,2015,Australia,Asia-Pacific,consumer_app,B2C,advertising,free,SEO,bootstrapped,0,1,"Founder Ana Santos said Onepagetrip had no clear monetization plan, faced huge travel competitors, and should have validated the business model before building.",business_model_mismatch,"competition_pressure; distribution_failure; market_too_small","no monetization plan; travel SEO competition; feature idea without business model; solo founder","The founder interview is a clean example of a community/product idea failing because the business model and distribution strategy were not worked out early enough.",high,"Good Australia/non-US business-model case."
fs_0095,Freshconnect,"An Indian B2B marketplace for fresh agricultural produce connecting farmers and buyers.",unknown,https://www.failory.com/interview/freshconnect,,yes,founder_interview,primary,2018,2021,India,Asia,marketplace,B2B,marketplace_take_rate,commission,founder_led_sales,seed,unknown,unknown,"Founder Tarun Gupta said Freshconnect reached meaningful revenue but failed to scale because of focus, hiring, operations, and funding challenges in fresh produce.",operational_complexity,"marketplace_liquidity_failure; fundraising_dependency; founder_conflict","fresh produce operations; focus problems; hiring mistakes; failed funding round; acquihire outcome","The founder interview adds a non-US agritech marketplace where offline operations and management complexity mattered as much as software or demand.",high,"Strong India/agritech marketplace case."
fs_0096,InoVVorX,"An Indian software company that mixed client-services revenue with attempts to build startup products.",unknown,https://www.failory.com/interview/inovvorx,,yes,founder_interview,primary,2010,2016,India,Asia,other,B2B,services,custom,founder_led_sales,seed,400000,25,"Founder Maxim Dsouza said InoVVorX burned about $400k while losing focus between services work and startup products.",too_broad_icp,"fundraising_dependency; operational_complexity; business_model_mismatch","services-product split; 25-person team; burn without focus; early India funding difficulty","The founder interview is useful for the taxonomy because it captures a hybrid agency/startup failure caused by lack of focus and conflicting business models.",high,"Borderline startup-services hybrid, included for non-US lack-of-focus pattern."
fs_0097,Bluesmart,"A smart luggage hardware startup that built connected suitcases with embedded batteries and tracking features.",unknown,https://tech.yahoo.com/general/article/2018-05-01-bluesmart-smart-luggage-shutting-down.html,https://en.wikipedia.org/wiki/Bluesmart,yes,news_article,secondary,2014,2018,United States,North America,hardware,B2C,hardware_margin,one_time_purchase,community,series_a,29000000,unknown,"Bluesmart shut down after major airlines banned smart luggage with non-removable batteries, undermining the core product design and market access.",regulatory_or_legal_pressure,"technical_complexity; platform_risk; timing_problem","airline battery ban; non-removable battery design; hardware inventory risk; travel infrastructure dependence","The shutdown is a clear hardware/regulatory case: the product depended on airline acceptance, and a rule change made the design commercially untenable.",medium,"Strategic medium-confidence hardware/regulatory case."
fs_0098,YOLO,"An anonymous Snapchat-integrated Q&A app used by teens to receive anonymous messages.",unknown,https://arstechnica.com/tech-policy/2021/05/snap-cuts-off-yolo-lmk-anonymous-messaging-apps-after-lawsuit-over-teens-death/,https://techcrunch.com/2021/08/03/anonymous-snapchat-app-sendit-surges-with-3-5m-installs-after-snap-bans-yolo-and-lmk/; https://caselaw.findlaw.com/court/us-9th-circuit/116509645.html,yes,news_article,secondary,2019,2021,United States,North America,social,B2C,advertising,free,marketplace_platform,seed,unknown,unknown,"Snap suspended YOLO after a lawsuit connected anonymous messaging to teen bullying and suicide, cutting off the app's core distribution platform.",trust_safety_failure,"platform_risk; regulatory_or_legal_pressure; weak_retention","anonymous teen messaging; cyberbullying allegations; Snap suspension; lawsuit pressure","The case is useful because trust/safety failure and platform dependency are inseparable: moderation risk triggered legal pressure and platform cutoff.",medium,"Strategic trust/safety case; source is secondary/legal rather than founder postmortem."
fs_0099,Benja,"An e-commerce and advertising startup whose founder later pleaded guilty to securities, bank, and wire fraud.",unknown,https://www.failory.com/interview/benja,,yes,founder_interview,primary,2015,2019,United States,North America,ecommerce,B2B,advertising,custom,sales_led,seed,unknown,unknown,"Founder Drew Chapin described how fake-it-till-you-make-it behavior crossed into fraud and destroyed the company and his career.",regulatory_or_legal_pressure,"founder_conflict; business_model_mismatch; trust_safety_failure","fraud; false representations; legal consequences; founder ethics failure","The founder interview is an unusually direct primary-source account of legal/ethical failure, making it valuable even though it is not a typical market failure.",high,"Use carefully as founder-ethics/legal-pressure case, not as normal PMF failure."
fs_0100,The Nerd Cave,"An Australian community retail space for gamers and hobbyists.",unknown,https://www.failory.com/interview/the-nerd-cave,,yes,founder_interview,primary,2013,2017,Australia,Asia-Pacific,other,B2C,services,custom,community,bootstrapped,100000,unknown,"Founder David Desi said The Nerd Cave lost revenue after moving location and competing near other game and hobby stores, eventually running out of funds.",operational_complexity,"competition_pressure; market_too_small; fundraising_dependency","location move; local competition; physical community space; fixed costs; limited local demand","The founder interview adds an offline/community business where location and operations were decisive, broadening the dataset beyond software-only failures.",high,"Included as a final non-US operational case; not a pure software startup."
